GEOID,County,Median_Age,Median_Household_Income,Median_Home_Value,Pct_White_Alone,Pct_Black_Alone,Pct_Asian_Alone,Pct_AIAN_Alone,Pct_NHPI_Alone,Pct_SomeOther_Alone,Pct_TwoOrMore,Pct_Hispanic,HS_Grad_or_Higher,Bachelors_or_Higher,Unemployment_Rate,Pct_Below_Poverty_Level,StateFIPS,CountyFIPS,County_clean,county_clean,highway_count
48001,"Anderson County, Texas",39.5,58846,173400,16.3,0.5,2.5,0.0,80.7,55.8,18.2,3.9,14.5,86.0,5.3,17.1,48,1,anderson,anderson,1.0
48003,"Andrews County, Texas",33.1,76902,188200,52.6,0.3,3.9,0.0,43.2,39.5,1.9,1.1,19.9,76.9,2.3,14.2,48,3,andrews,andrews,1.0
48005,"Angelina County, Texas",37.8,58847,149800,20.2,0.4,2.5,0.0,76.8,59.0,12.2,4.7,18.0,84.9,5.4,16.3,48,5,angelina,angelina,2.0
48007,"Aransas County, Texas",51.0,61754,236800,24.0,0.1,2.6,0.1,73.2,67.6,1.1,2.7,27.6,91.4,6.2,18.7,48,7,aransas,,0.0
48009,"Archer County, Texas",43.1,71958,175300,7.6,0.3,1.1,0.1,91.0,86.4,0.8,3.0,25.2,91.0,3.4,11.7,48,9,archer,,0.0
48011,"Armstrong County, Texas",43.0,68462,185700,7.8,0.0,1.8,0.0,90.4,86.1,0.5,1.2,21.4,94.0,0.9,5.8,48,11,armstrong,armstrong,1.0
48013,"Atascosa County, Texas",36.1,69413,157400,58.9,0.5,5.2,0.2,35.3,31.8,1.2,1.9,15.3,80.9,4.5,16.1,48,13,atascosa,atascosa,3.0
48015,"Austin County, Texas",41.6,75994,270900,23.7,0.5,2.5,0.5,72.8,60.9,8.8,1.1,23.4,88.5,4.2,14.5,48,15,austin,,0.0
48017,"Bailey County, Texas",35.1,70625,104400,58.7,0.1,5.6,0.2,35.4,31.3,0.4,0.0,16.7,71.9,0.5,13.6,48,17,bailey,,0.0
48019,"Bandera County, Texas",53.4,69703,249800,15.5,0.6,4.1,0.0,79.8,73.9,1.1,2.5,25.5,91.9,7.4,16.1,48,19,bandera,,0.0
48021,"Bastrop County, Texas",37.5,82730,269500,36.0,0.9,7.0,0.1,56.0,45.7,5.7,3.6,23.3,81.9,4.6,12.4,48,21,bastrop,bastrop,4.0
48023,"Baylor County, Texas",47.5,42313,93300,12.3,0.0,1.4,0.0,86.3,75.9,0.8,0.4,28.4,82.5,3.8,20.8,48,23,baylor,,0.0
48025,"Bee County, Texas",35.8,56075,102800,55.6,0.5,5.6,0.1,38.1,27.9,6.0,3.7,11.4,81.6,5.9,17.0,48,25,bee,,0.0
48027,"Bell County, Texas",32.1,66051,221100,17.1,4.8,3.6,0.3,74.2,43.1,21.6,2.6,27.2,91.0,7.3,14.6,48,27,bell,bell,4.0
48029,"Bexar County, Texas",34.6,70571,244100,49.5,1.7,8.0,0.4,40.5,26.7,7.3,2.9,31.5,86.4,5.5,14.7,48,29,bexar,bexar,15.0
48031,"Blanco County, Texas",50.3,87564,396200,16.3,0.1,2.0,0.0,81.6,76.0,0.8,3.1,34.3,92.5,3.5,8.7,48,31,blanco,,0.0
48033,"Borden County, Texas",30.0,64250,105400,15.2,0.0,0.0,0.0,84.8,80.2,1.5,1.4,35.3,94.6,0.3,4.8,48,33,borden,,0.0
48035,"Bosque County, Texas",46.3,69339,184500,17.5,0.2,1.1,0.0,81.2,75.6,1.2,1.7,20.7,88.2,4.1,9.1,48,35,bosque,bosque,2.0
48037,"Bowie County, Texas",38.4,59295,161300,6.7,0.2,1.5,0.0,91.6,61.6,24.7,1.5,22.1,90.0,3.7,16.3,48,37,bowie,,0.0
48039,"Brazoria County, Texas",36.5,95155,276800,25.6,1.2,4.3,0.2,68.6,42.9,15.5,1.5,32.1,89.2,4.5,7.3,48,39,brazoria,brazoria,7.0
48041,"Brazos County, Texas",26.8,58388,279700,22.3,0.5,3.8,0.5,72.9,53.5,10.3,1.6,42.5,89.0,4.6,23.9,48,41,brazos,brazos,2.0
48043,"Brewster County, Texas",42.2,52612,216000,34.2,0.4,7.5,0.0,57.9,55.4,0.3,3.2,45.3,90.0,2.2,8.4,48,43,brewster,,0.0
48045,"Briscoe County, Texas",50.8,41188,82900,25.5,0.0,0.7,0.0,73.8,68.7,3.7,0.3,19.0,80.5,0.0,15.3,48,45,briscoe,,0.0
48047,"Brooks County, Texas",38.1,31310,82700,82.4,0.0,7.7,0.0,10.0,8.2,0.8,0.1,14.4,67.4,3.5,30.7,48,47,brooks,brooks,1.0
48049,"Brown County, Texas",41.4,55305,149900,19.3,0.3,2.6,0.0,77.8,70.5,3.2,1.6,19.9,87.7,4.8,14.5,48,49,brown,,0.0
48051,"Burleson County, Texas",44.3,72888,174000,18.4,0.1,3.2,0.1,78.2,63.0,11.6,2.6,23.1,85.1,2.9,12.6,48,51,burleson,,0.0
48053,"Burnet County, Texas",44.9,77158,310500,19.8,0.2,3.1,0.1,76.9,71.3,1.2,2.3,28.7,89.2,2.3,8.0,48,53,burnet,,0.0
48055,"Caldwell County, Texas",38.2,68503,215600,50.9,0.8,4.4,0.1,43.7,35.6,4.1,2.4,16.4,80.3,3.2,13.9,48,55,caldwell,,0.0
48057,"Calhoun County, Texas",39.9,71870,150000,41.3,0.5,6.8,0.6,50.7,41.4,2.3,1.4,16.9,82.5,4.5,8.7,48,57,calhoun,,0.0
48059,"Callahan County, Texas",43.8,68455,144800,9.9,0.1,0.5,0.0,89.4,82.2,1.7,1.5,23.9,93.1,5.2,10.1,48,59,callahan,callahan,1.0
48061,"Cameron County, Texas",32.4,51334,120000,84.2,0.3,4.6,0.2,10.7,8.8,0.4,1.0,20.6,71.6,5.7,24.4,48,61,cameron,cameron,9.0
48063,"Camp County, Texas",38.7,55061,159900,26.0,0.0,0.7,0.0,73.3,53.4,14.1,2.5,19.7,84.1,5.8,22.4,48,63,camp,,0.0
48065,"Carson County, Texas",42.3,84583,140600,7.2,0.0,3.0,0.3,89.5,82.3,0.6,2.6,25.9,93.6,1.3,7.2,48,65,carson,,0.0
48067,"Cass County, Texas",43.8,54328,133500,4.1,0.0,1.0,0.0,94.9,74.8,16.7,1.6,17.6,87.3,6.0,17.3,48,67,cass,cass,1.0
48069,"Castro County, Texas",34.9,63485,94900,55.0,0.7,9.6,0.0,34.7,30.0,1.2,1.9,21.0,76.3,2.7,14.0,48,69,castro,,0.0
48071,"Chambers County, Texas",35.3,108114,289900,21.9,0.2,3.0,0.1,74.7,63.1,7.2,0.8,23.0,89.5,7.3,13.1,48,71,chambers,,0.0
48073,"Cherokee County, Texas",38.2,59830,160300,22.2,0.1,1.4,0.0,76.3,58.8,13.0,2.6,18.5,80.7,6.2,17.9,48,73,cherokee,,0.0
48075,"Childress County, Texas",33.6,60333,115100,26.6,0.0,7.4,0.0,66.0,54.1,6.7,2.7,11.5,83.9,0.5,9.8,48,75,childress,,0.0
48077,"Clay County, Texas",47.8,77355,161300,6.1,0.0,0.6,0.0,93.2,87.6,1.1,2.3,23.9,92.8,1.9,10.4,48,77,clay,clay,1.0
48079,"Cochran County, Texas",38.7,42137,57700,55.1,0.0,4.4,0.0,40.4,34.2,5.0,1.3,10.7,71.7,6.2,27.3,48,79,cochran,,0.0
48081,"Coke County, Texas",47.2,46431,112900,17.9,0.0,2.9,0.0,79.2,75.4,1.7,2.4,21.1,87.8,6.0,14.1,48,81,coke,,0.0
48083,"Coleman County, Texas",48.5,52364,91200,14.6,0.0,1.5,0.0,83.9,77.2,3.9,1.9,17.9,88.6,5.9,15.0,48,83,coleman,coleman,1.0
48085,"Collin County, Texas",37.3,117588,447600,10.8,0.7,4.3,0.2,84.0,51.3,10.6,1.5,54.9,94.5,4.1,6.3,48,85,collin,collin,3.0
48087,"Collingsworth County, Texas",38.1,60165,108400,27.0,0.0,5.6,0.0,67.4,53.8,7.9,10.6,26.0,75.4,1.2,26.2,48,87,collingsworth,,0.0
48089,"Colorado County, Texas",43.8,68554,194000,26.4,0.0,3.6,0.0,70.0,55.4,12.3,1.6,24.0,88.4,3.9,10.7,48,89,colorado,,0.0
48091,"Comal County, Texas",42.0,99015,398800,22.7,0.9,4.0,0.3,72.1,64.9,2.4,1.8,42.2,94.2,3.5,6.4,48,91,comal,comal,3.0
48093,"Comanche County, Texas",43.7,59946,137800,27.4,0.0,1.6,0.0,71.0,66.7,0.5,2.8,20.0,84.6,6.7,14.1,48,93,comanche,comanche,6.0
48095,"Concho County, Texas",45.3,59632,105800,20.9,0.0,8.6,1.5,69.0,61.2,3.7,1.3,13.2,79.5,1.0,13.3,48,95,concho,concho,2.0
48097,"Cooke County, Texas",40.3,72472,224600,17.8,0.5,2.2,0.0,79.5,71.6,3.3,1.8,23.6,88.4,4.3,14.1,48,97,cooke,,0.0
48099,"Coryell County, Texas",32.4,68904,177400,12.8,3.7,3.4,0.3,79.7,55.2,12.7,5.4,18.7,90.7,6.5,9.9,48,99,coryell,,0.0
48101,"Cottle County, Texas",44.3,58819,54100,21.6,0.0,4.4,0.0,74.0,59.1,4.9,5.6,21.8,79.6,6.4,22.8,48,101,cottle,,0.0
48103,"Crane County, Texas",36.7,59915,119900,66.7,0.0,0.3,1.4,31.6,26.4,1.6,0.8,14.3,75.6,3.7,8.2,48,103,crane,crane,6.0
48105,"Crockett County, Texas",42.9,81739,140000,62.3,0.0,0.0,0.0,37.7,37.0,0.6,0.1,11.0,65.8,2.8,3.3,48,105,crockett,,0.0
48107,"Crosby County, Texas",39.3,52197,75500,47.1,0.3,8.1,0.3,44.2,39.0,2.2,1.8,14.1,78.4,6.2,22.1,48,107,crosby,,0.0
48109,"Culberson County, Texas",48.1,42672,84500,79.7,0.0,6.0,1.3,12.9,8.9,0.2,2.8,16.3,73.3,0.6,17.7,48,109,culberson,,0.0
48111,"Dallam County, Texas",30.4,72332,140500,50.4,0.0,2.3,0.0,47.3,42.3,0.2,5.1,15.7,80.7,1.4,10.0,48,111,dallam,,0.0
48113,"Dallas County, Texas",34.0,74149,277900,32.3,0.6,7.5,0.4,59.2,27.1,22.2,2.0,34.8,81.7,4.9,14.0,48,113,dallas,dallas,13.0
48115,"Dawson County, Texas",34.6,55789,90800,51.8,0.1,3.2,0.3,44.6,35.6,6.5,1.8,14.5,72.3,7.9,17.7,48,115,dawson,,0.0
48123,"DeWitt County, Texas",41.8,64014,167200,30.5,0.3,4.5,0.0,64.7,53.7,7.3,2.1,15.7,85.4,4.2,15.9,48,123,dewitt,,0.0
48117,"Deaf Smith County, Texas",31.4,54114,116000,70.5,0.7,3.2,1.3,24.3,21.8,0.8,1.9,11.8,71.4,3.3,15.8,48,117,deaf smith,,0.0
48119,"Delta County, Texas",40.7,62855,149400,8.3,0.2,0.2,0.0,91.3,78.5,8.3,4.5,19.5,90.0,3.3,14.0,48,119,delta,,0.0
48121,"Denton County, Texas",36.8,108185,403400,14.3,1.1,4.3,0.5,79.7,54.0,10.5,2.1,48.4,93.4,4.0,7.0,48,121,denton,denton,5.0
48125,"Dickens County, Texas",45.7,50417,65000,26.0,0.0,8.0,0.0,66.0,63.6,1.5,2.0,19.1,85.0,6.7,14.5,48,125,dickens,,0.0
48127,"Dimmit County, Texas",36.3,33409,80300,79.6,0.0,7.4,0.0,13.0,9.5,0.7,1.9,11.0,74.4,6.8,44.8,48,127,dimmit,dimmit,1.0
48129,"Donley County, Texas",45.4,56648,90500,10.7,0.7,0.8,0.0,87.8,78.5,5.4,0.5,16.1,83.5,0.0,8.3,48,129,donley,,0.0
48131,"Duval County, Texas",35.9,50081,86400,77.1,0.1,4.7,0.0,18.2,16.7,0.7,1.3,7.0,73.6,7.9,29.0,48,131,duval,duval,4.0
48133,"Eastland County, Texas",42.6,51741,121700,14.3,0.0,2.5,0.0,83.1,77.4,2.2,1.8,22.2,85.0,4.9,14.6,48,133,eastland,eastland,11.0
48135,"Ector County, Texas",31.3,71031,190500,57.1,0.4,3.4,1.4,37.7,30.0,4.7,2.0,16.6,77.6,5.6,15.3,48,135,ector,ector,2.0
48137,"Edwards County, Texas",39.6,38500,78300,43.7,0.1,0.1,0.0,56.2,52.9,1.6,1.4,25.9,78.4,0.0,25.3,48,137,edwards,,0.0
48141,"El Paso County, Texas",33.3,58859,167300,77.5,1.0,4.0,0.2,17.3,11.2,2.9,2.0,25.4,80.6,6.2,18.9,48,141,el paso,el paso,7.0
48139,"Ellis County, Texas",36.3,95898,306400,24.0,0.5,2.9,0.3,72.4,54.7,13.2,3.3,28.6,87.6,4.0,8.1,48,139,ellis,ellis,14.0
48143,"Erath County, Texas",31.9,65351,251900,18.9,0.5,2.5,0.1,78.0,72.6,1.4,2.3,32.5,87.1,5.3,15.9,48,143,erath,,0.0
48145,"Falls County, Texas",41.5,55372,97300,22.8,0.2,1.4,0.0,75.6,50.0,19.8,1.9,15.0,84.9,7.2,14.6,48,145,falls,,0.0
48147,"Fannin County, Texas",40.7,68377,213500,11.1,0.1,1.3,0.0,87.4,76.1,6.3,3.0,20.2,86.8,4.5,14.2,48,147,fannin,fannin,4.0
48149,"Fayette County, Texas",48.6,76541,271100,21.2,0.0,0.4,0.0,78.4,69.8,5.8,1.2,27.2,90.3,2.9,8.8,48,149,fayette,fayette,6.0
48151,"Fisher County, Texas",42.6,64700,77600,24.7,0.0,1.6,0.0,73.6,65.8,3.8,3.7,18.2,90.3,3.6,10.3,48,151,fisher,,0.0
48153,"Floyd County, Texas",38.5,55461,101000,53.5,0.0,4.1,0.0,42.4,37.3,2.4,1.4,16.7,74.6,3.8,18.1,48,153,floyd,,0.0
48155,"Foard County, Texas",45.7,42212,71400,9.1,0.6,1.2,0.0,89.1,70.0,0.3,4.4,14.5,81.2,6.7,20.9,48,155,foard,,0.0
48157,"Fort Bend County, Texas",37.1,113409,350300,15.2,0.6,8.1,0.5,75.5,29.8,20.3,1.5,49.3,91.9,5.0,7.2,48,157,fort bend,fort bend,1.0
48159,"Franklin County, Texas",43.5,66800,213200,13.0,0.0,1.3,0.0,85.7,77.7,5.1,1.3,29.3,90.9,6.4,11.1,48,159,franklin,franklin,2.0
48161,"Freestone County, Texas",41.8,58460,164400,14.7,0.1,2.0,0.1,83.2,63.5,14.7,1.4,15.9,86.6,1.9,14.3,48,161,freestone,freestone,7.0
48163,"Frio County, Texas",31.8,60098,110100,60.8,0.2,15.9,0.7,22.4,15.2,4.2,1.1,11.4,70.6,5.3,19.6,48,163,frio,,0.0
48165,"Gaines County, Texas",29.3,76605,185300,36.4,0.2,3.2,0.0,60.2,56.9,2.5,0.6,8.1,58.3,2.2,7.4,48,165,gaines,gaines,5.0
48167,"Galveston County, Texas",38.5,85348,284900,19.3,1.0,5.2,0.4,74.1,54.8,12.0,1.8,34.3,89.8,5.5,11.2,48,167,galveston,galveston,6.0
48169,"Garza County, Texas",38.4,50545,79300,43.4,0.5,6.0,0.1,50.0,37.2,10.3,1.3,10.6,68.1,6.9,14.0,48,169,garza,,0.0
48171,"Gillespie County, Texas",50.5,67799,432300,19.5,0.1,2.7,0.0,77.6,74.2,0.2,2.0,35.3,89.3,3.8,9.5,48,171,gillespie,gillespie,18.0
48173,"Glasscock County, Texas",40.6,106806,248600,27.1,0.0,0.0,0.0,72.9,66.3,0.0,4.9,39.9,87.6,1.2,8.5,48,173,glasscock,glasscock,3.0
48175,"Goliad County, Texas",44.8,59556,182800,30.7,0.0,1.5,0.0,67.8,60.4,4.8,1.7,19.0,84.0,5.5,9.2,48,175,goliad,,0.0
48177,"Gonzales County, Texas",38.8,59355,158900,47.0,0.5,3.1,0.2,49.2,41.0,6.0,1.4,12.6,77.0,1.4,14.5,48,177,gonzales,gonzales,1.0
48179,"Gray County, Texas",36.8,56082,100400,27.5,0.2,3.1,0.0,69.2,60.6,4.4,3.1,15.4,84.8,5.3,16.3,48,179,gray,,0.0
48181,"Grayson County, Texas",39.4,70455,228300,13.2,0.2,2.3,0.1,84.1,72.0,5.3,3.1,23.7,90.5,3.6,11.1,48,181,grayson,grayson,4.0
48183,"Gregg County, Texas",35.9,64809,185800,17.8,0.2,1.7,0.1,80.2,55.3,19.2,1.9,22.4,86.8,3.7,17.0,48,183,gregg,gregg,5.0
48185,"Grimes County, Texas",40.5,67080,226600,23.1,0.1,2.1,0.0,74.7,56.8,11.5,3.7,19.5,81.9,4.6,13.3,48,185,grimes,,0.0
48187,"Guadalupe County, Texas",37.5,93776,285900,32.3,1.4,4.6,0.3,61.5,48.0,7.3,2.1,30.9,89.3,4.4,8.8,48,187,guadalupe,guadalupe,3.0
48189,"Hale County, Texas",34.1,52788,106100,50.8,0.7,9.2,0.1,39.2,32.1,4.0,3.0,15.6,75.1,4.1,19.0,48,189,hale,hale,3.0
48191,"Hall County, Texas",44.9,46728,80200,25.3,0.0,9.2,0.0,65.5,54.5,5.0,5.9,17.8,83.3,9.3,16.4,48,191,hall,,0.0
48193,"Hamilton County, Texas",43.8,55339,124800,13.2,0.0,0.4,0.0,86.4,82.9,1.9,1.2,24.3,88.3,6.1,18.4,48,193,hamilton,,0.0
48195,"Hansford County, Texas",35.9,68299,132100,46.9,1.3,1.5,0.0,50.3,47.7,0.2,2.3,30.4,74.6,5.5,7.8,48,195,hansford,,0.0
48197,"Hardeman County, Texas",44.3,61179,76500,20.6,2.0,2.8,1.5,73.1,65.5,3.4,6.3,15.0,85.7,1.6,12.8,48,197,hardeman,,0.0
48199,"Hardin County, Texas",39.3,72532,188200,4.6,0.2,1.7,0.0,93.5,83.3,5.6,1.7,20.8,89.9,5.2,12.3,48,199,hardin,hardin,1.0
48201,"Harris County, Texas",34.4,73104,255000,29.6,0.8,12.0,0.9,56.6,27.4,18.7,2.1,33.7,82.5,6.4,15.9,48,201,harris,harris,17.0
48203,"Harrison County, Texas",38.9,66040,178200,13.5,0.1,1.0,0.0,85.4,60.7,20.4,1.8,22.5,89.2,6.0,17.4,48,203,harrison,harrison,6.0
48205,"Hartley County, Texas",39.5,82122,213200,28.6,0.3,1.8,0.0,69.3,56.8,6.7,2.2,23.1,83.1,2.4,6.8,48,205,hartley,hartley,1.0
48207,"Haskell County, Texas",44.3,54044,92000,22.8,0.5,2.7,0.0,74.0,66.1,5.9,2.7,22.5,83.3,5.4,14.2,48,207,haskell,,0.0
48209,"Hays County, Texas",33.9,85827,371400,32.6,0.8,5.4,0.2,60.9,51.3,3.8,2.5,41.9,91.5,4.6,12.0,48,209,hays,hays,1.0
48211,"Hemphill County, Texas",41.3,72052,214900,32.4,0.0,0.8,0.0,66.8,63.2,0.3,1.3,24.4,84.5,4.8,3.5,48,211,hemphill,,0.0
48213,"Henderson County, Texas",43.8,63955,189600,12.7,0.2,1.3,0.1,85.7,75.2,5.3,2.1,20.2,87.5,5.0,14.2,48,213,henderson,henderson,1.0
48215,"Hidalgo County, Texas",30.3,52281,124000,87.6,0.3,3.9,0.1,8.1,6.1,0.5,0.8,20.3,69.3,7.6,27.2,48,215,hidalgo,hidalgo,8.0
48217,"Hill County, Texas",40.8,63147,163100,20.7,0.3,1.5,0.1,77.4,68.2,5.7,1.9,18.5,86.9,4.2,14.2,48,217,hill,hill,1.0
48219,"Hockley County, Texas",35.8,54810,112700,44.3,0.1,5.2,0.0,50.4,44.9,2.8,1.7,18.3,79.9,4.9,12.6,48,219,hockley,hockley,1.0
48221,"Hood County, Texas",46.3,86802,281300,11.2,0.4,1.6,0.2,86.7,81.1,1.0,1.4,32.4,92.3,6.2,8.2,48,221,hood,hood,1.0
48223,"Hopkins County, Texas",39.6,64725,193200,16.7,0.1,1.2,0.1,81.8,71.2,7.1,1.7,20.0,84.6,4.5,12.3,48,223,hopkins,hopkins,1.0
48225,"Houston County, Texas",44.0,54563,155100,12.1,0.3,1.6,0.0,86.0,58.6,21.5,3.2,15.5,82.7,6.6,16.3,48,225,houston,houston,3.0
48227,"Howard County, Texas",37.0,71457,150300,38.4,0.7,7.2,0.6,53.1,44.0,4.9,1.6,15.3,81.2,5.0,15.1,48,227,howard,howard,12.0
48229,"Hudspeth County, Texas",33.2,39336,57400,56.6,1.0,7.9,0.0,34.5,29.9,0.8,5.1,12.4,59.9,11.9,19.0,48,229,hudspeth,hudspeth,20.0
48231,"Hunt County, Texas",37.2,70112,210900,17.6,0.5,2.1,0.3,79.4,66.5,7.7,2.2,21.9,86.3,5.5,12.4,48,231,hunt,hunt,5.0
48233,"Hutchinson County, Texas",38.1,65470,102200,21.9,0.1,2.4,0.1,75.5,68.1,2.4,5.0,16.0,85.8,2.3,11.6,48,233,hutchinson,,0.0
48235,"Irion County, Texas",50.5,58125,152600,29.9,0.0,0.0,0.0,70.1,69.0,0.0,0.3,22.1,89.2,0.6,7.5,48,235,irion,,0.0
48237,"Jack County, Texas",41.3,65693,174800,15.9,0.3,1.7,0.5,81.6,75.6,3.4,2.0,15.6,80.2,9.8,13.5,48,237,jack,jack,1.0
48239,"Jackson County, Texas",42.1,61752,175500,30.4,0.0,2.4,0.0,67.2,57.7,5.9,1.1,15.9,83.0,5.5,14.1,48,239,jackson,,0.0
48241,"Jasper County, Texas",42.5,49919,125900,5.8,0.0,1.0,0.0,93.1,73.7,15.4,1.1,12.6,88.3,14.0,22.2,48,241,jasper,jasper,1.0
48243,"Jeff Davis County, Texas",58.7,32625,234400,30.2,0.0,0.9,0.0,69.0,66.7,0.6,2.2,30.4,86.7,0.0,31.2,48,243,jeff davis,,0.0
48245,"Jefferson County, Texas",37.1,59934,159600,18.6,0.4,4.2,0.3,76.5,37.4,32.9,1.3,19.4,84.9,5.5,18.8,48,245,jefferson,jefferson,5.0
48247,"Jim Hogg County, Texas",25.0,42230,125600,76.4,0.0,1.9,0.0,21.7,21.3,0.1,0.0,19.0,78.8,8.4,31.4,48,247,jim hogg,jim hogg,1.0
48249,"Jim Wells County, Texas",35.5,47492,104800,72.8,0.1,6.5,0.0,20.6,18.5,0.6,1.3,15.2,79.2,5.6,23.2,48,249,jim wells,jim wells,11.0
48251,"Johnson County, Texas",37.2,81826,254600,21.8,0.6,2.1,0.1,75.4,66.3,4.7,1.8,23.5,86.9,3.6,10.7,48,251,johnson,,0.0
48253,"Jones County, Texas",39.0,63472,92700,24.7,0.4,3.1,0.2,71.6,56.3,10.3,4.1,11.2,81.1,4.9,12.6,48,253,jones,,0.0
48255,"Karnes County, Texas",37.1,59103,136900,47.7,0.6,4.2,0.5,46.9,35.1,6.9,3.8,16.0,77.2,4.6,21.3,48,255,karnes,,0.0
48257,"Kaufman County, Texas",34.2,88606,290800,22.6,0.8,2.6,0.4,73.6,52.0,16.7,2.2,25.3,86.3,4.8,9.7,48,257,kaufman,kaufman,2.0
48259,"Kendall County, Texas",43.1,110498,489800,19.2,0.2,4.0,0.2,76.3,71.0,0.8,1.9,49.1,93.6,4.7,5.1,48,259,kendall,,0.0
48261,"Kenedy County, Texas",65.5,-666666666,-666666666,90.4,0.0,0.0,0.0,9.6,3.8,0.0,1.9,10.6,46.8,0.0,5.9,48,261,kenedy,kenedy,14.0
48263,"Kent County, Texas",57.6,71420,108900,9.8,1.5,0.6,0.0,88.2,83.4,0.8,2.6,26.9,89.9,8.8,8.4,48,263,kent,,0.0
48265,"Kerr County, Texas",48.6,67927,285100,22.7,0.5,3.3,0.0,73.6,67.9,1.5,2.4,31.2,90.3,2.9,11.7,48,265,kerr,kerr,1.0
48267,"Kimble County, Texas",50.3,65703,173100,24.2,0.3,1.1,0.0,74.4,71.0,1.9,1.8,25.6,83.1,1.1,15.0,48,267,kimble,,0.0
48269,"King County, Texas",49.1,70192,-666666666,25.9,0.0,0.0,0.0,74.1,67.2,0.0,6.9,36.4,79.9,0.0,15.3,48,269,king,,0.0
48271,"Kinney County, Texas",50.4,66341,88500,43.9,1.2,8.0,0.3,46.6,44.6,0.1,3.7,19.5,88.7,1.6,11.3,48,271,kinney,,0.0
48273,"Kleberg County, Texas",29.3,57612,152200,65.5,0.3,5.4,0.1,28.7,21.0,3.2,1.6,23.7,83.8,7.6,28.8,48,273,kleberg,,0.0
48275,"Knox County, Texas",40.5,56304,66800,30.8,0.0,2.9,0.2,66.2,57.1,3.0,1.1,15.6,85.2,1.3,11.4,48,275,knox,,0.0
48283,"La Salle County, Texas",38.8,55469,101000,73.5,0.6,6.9,0.0,19.0,13.7,3.5,1.3,8.1,63.9,2.5,22.0,48,283,la salle,,0.0
48277,"Lamar County, Texas",40.0,61122,175500,8.4,0.1,0.8,0.0,90.8,71.8,12.4,2.7,20.6,88.0,3.9,18.7,48,277,lamar,lamar,7.0
48279,"Lamb County, Texas",36.6,56997,76600,53.8,0.0,3.8,0.0,42.4,36.8,2.7,2.1,14.3,77.4,2.9,15.9,48,279,lamb,,0.0
48281,"Lampasas County, Texas",43.9,76919,236000,13.4,3.2,3.1,0.3,79.9,70.2,3.7,3.0,21.6,90.3,4.7,9.2,48,281,lampasas,,0.0
48285,"Lavaca County, Texas",43.1,61768,220900,18.2,0.1,1.1,0.4,80.2,71.7,4.0,2.3,20.9,87.1,3.0,9.4,48,285,lavaca,,0.0
48287,"Lee County, Texas",41.4,66000,247500,24.7,0.0,1.4,0.2,73.8,60.2,10.4,2.6,18.7,83.2,5.3,12.2,48,287,lee,,0.0
48289,"Leon County, Texas",44.3,59975,177400,13.9,0.0,2.2,0.0,83.9,73.0,7.3,1.8,17.1,86.3,3.9,14.4,48,289,leon,leon,6.0
48291,"Liberty County, Texas",33.3,64773,167100,31.2,0.1,5.4,0.2,63.1,51.8,8.0,1.8,11.2,78.1,7.1,17.7,48,291,liberty,,0.0
48293,"Limestone County, Texas",42.0,58109,154400,21.0,0.3,1.8,0.0,76.9,55.5,17.0,1.0,19.1,85.6,3.2,19.4,48,293,limestone,limestone,1.0
48295,"Lipscomb County, Texas",37.4,71442,128400,29.4,1.3,6.2,0.0,63.1,56.3,0.4,4.3,25.4,83.5,7.4,13.6,48,295,lipscomb,,0.0
48297,"Live Oak County, Texas",38.6,53869,142300,33.7,0.0,8.3,0.1,57.9,48.5,2.1,2.1,13.8,76.9,5.4,17.2,48,297,live oak,,0.0
48299,"Llano County, Texas",57.5,65636,322300,10.2,0.1,1.9,0.5,87.3,83.2,1.0,1.2,33.1,91.9,5.3,11.7,48,299,llano,llano,1.0
48301,"Loving County, Texas",68.9,51087,-666666666,0.0,0.0,0.0,0.0,100.0,90.7,0.0,0.0,0.0,94.2,0.0,9.3,48,301,loving,,0.0
48303,"Lubbock County, Texas",31.7,63367,199600,29.0,0.5,6.1,0.1,64.2,52.1,6.7,1.7,33.3,88.8,4.7,17.2,48,303,lubbock,lubbock,1.0
48305,"Lynn County, Texas",37.2,57411,130800,35.4,0.0,5.6,0.5,58.4,54.4,1.6,3.7,24.3,82.8,4.3,17.5,48,305,lynn,,0.0
48313,"Madison County, Texas",35.8,67128,149100,21.6,0.3,3.6,0.4,74.1,52.6,15.4,3.6,14.5,80.2,5.9,13.4,48,313,madison,madison,1.0
48315,"Marion County, Texas",50.6,47447,110500,2.7,0.0,1.9,0.0,95.5,70.3,21.6,2.1,16.0,86.6,8.4,18.4,48,315,marion,,0.0
48317,"Martin County, Texas",37.2,77083,162200,42.8,0.0,2.8,0.0,54.4,48.0,1.2,3.6,17.8,83.8,6.3,8.1,48,317,martin,,0.0
48319,"Mason County, Texas",46.5,68750,274600,20.9,0.0,0.0,0.0,79.1,77.5,0.1,0.6,40.1,84.3,2.3,6.4,48,319,mason,,0.0
48321,"Matagorda County, Texas",37.5,55174,162200,37.7,1.2,4.2,0.1,56.8,42.1,10.1,1.1,22.8,82.7,6.9,21.8,48,321,matagorda,matagorda,1.0
48323,"Maverick County, Texas",30.2,51270,151500,90.7,1.2,2.9,0.0,5.1,2.8,0.2,1.9,15.3,67.7,7.6,22.6,48,323,maverick,,0.0
48307,"McCulloch County, Texas",47.1,51919,104400,27.8,0.0,3.0,0.0,69.3,63.6,0.8,5.5,19.6,82.8,10.5,14.6,48,307,mcculloch,,0.0
48309,"McLennan County, Texas",34.0,63888,219200,23.5,0.6,2.3,0.2,73.4,54.7,13.6,1.3,27.8,88.1,4.5,17.1,48,309,mclennan,,0.0
48311,"McMullen County, Texas",32.6,45833,108800,42.7,0.0,11.7,0.0,45.6,44.6,0.0,3.2,15.0,88.4,0.0,9.1,48,311,mcmullen,mcmullen,1.0
48325,"Medina County, Texas",39.6,73462,220000,44.6,0.8,5.6,0.1,48.9,42.3,2.8,2.3,22.2,86.0,3.2,11.3,48,325,medina,medina,3.0
48327,"Menard County, Texas",58.0,48191,105300,26.3,0.8,0.9,0.0,72.0,68.4,0.4,5.2,22.9,76.8,14.4,21.1,48,327,menard,,0.0
48329,"Midland County, Texas",32.6,93984,293000,39.2,0.6,3.8,1.2,55.2,44.0,6.4,2.0,30.9,86.2,3.7,10.6,48,329,midland,midland,8.0
48331,"Milam County, Texas",41.6,59076,168900,22.6,0.7,2.3,0.0,74.4,62.1,9.3,1.7,19.5,86.7,5.4,15.8,48,331,milam,milam,14.0
48333,"Mills County, Texas",52.2,64494,200200,15.9,0.0,3.0,0.0,81.1,76.0,0.6,3.2,28.1,89.5,3.9,7.7,48,333,mills,,0.0
48335,"Mitchell County, Texas",36.9,56033,85700,34.7,0.3,3.7,0.0,61.3,46.9,5.7,7.1,13.9,83.3,4.7,13.2,48,335,mitchell,mitchell,1.0
48337,"Montague County, Texas",44.0,62818,189400,11.5,0.1,0.3,0.0,88.0,84.1,0.0,3.1,17.8,86.9,5.3,13.5,48,337,montague,montague,1.0
48339,"Montgomery County, Texas",37.2,97266,317500,19.3,0.8,6.6,0.5,72.9,60.3,5.7,1.5,37.9,90.2,4.6,9.3,48,339,montgomery,montgomery,4.0
48341,"Moore County, Texas",30.6,61325,135400,51.5,0.0,6.0,2.5,40.0,29.0,4.6,3.6,12.0,70.2,2.2,15.3,48,341,moore,,0.0
48343,"Morris County, Texas",42.4,55082,110200,9.5,0.0,1.2,0.0,89.3,62.7,18.4,5.4,15.5,87.1,7.3,16.9,48,343,morris,,0.0
48345,"Motley County, Texas",51.4,62857,81100,4.5,0.4,3.2,0.0,91.9,83.3,2.6,3.2,22.0,85.7,1.0,9.7,48,345,motley,,0.0
48347,"Nacogdoches County, Texas",31.8,51528,158200,18.6,0.4,2.3,0.0,78.7,57.8,17.0,1.6,26.5,85.2,7.2,22.3,48,347,nacogdoches,nacogdoches,14.0
48349,"Navarro County, Texas",37.4,59310,159900,28.9,0.2,2.2,0.0,68.7,50.8,10.6,1.6,17.1,79.4,3.8,16.8,48,349,navarro,,0.0
48351,"Newton County, Texas",45.8,41044,83100,2.5,0.2,0.7,0.0,96.6,75.2,17.9,1.5,6.2,84.4,10.5,22.4,48,351,newton,,0.0
48353,"Nolan County, Texas",36.5,50160,98300,34.0,0.1,2.9,0.0,63.0,54.1,3.9,2.0,13.7,83.5,5.7,18.8,48,353,nolan,,0.0
48355,"Nueces County, Texas",36.8,66021,194700,56.1,0.5,5.4,0.2,37.9,29.9,3.7,1.3,23.7,85.3,5.6,17.7,48,355,nueces,nueces,6.0
48357,"Ochiltree County, Texas",33.3,64988,137200,54.8,0.0,0.5,0.3,44.3,41.9,0.0,2.1,19.0,80.9,1.1,15.5,48,357,ochiltree,,0.0
48359,"Oldham County, Texas",32.5,76402,144800,19.9,0.0,4.6,0.0,75.5,67.1,7.3,0.6,25.3,87.8,0.7,17.7,48,359,oldham,oldham,1.0
48361,"Orange County, Texas",37.9,73372,163400,6.9,0.2,1.8,0.2,90.9,77.9,8.4,1.4,17.8,91.0,6.3,12.7,48,361,orange,orange,1.0
48363,"Palo Pinto County, Texas",41.1,64972,167300,17.2,0.5,2.2,0.3,79.8,73.3,2.5,1.9,18.7,86.1,7.6,17.0,48,363,palo pinto,,0.0
48365,"Panola County, Texas",40.5,62593,146000,9.1,0.3,0.7,0.0,90.0,71.7,11.4,4.9,17.9,85.0,2.6,11.9,48,365,panola,,0.0
48367,"Parker County, Texas",39.3,102099,343600,12.0,0.3,1.6,0.1,85.9,80.0,1.4,2.0,31.6,90.5,3.9,7.8,48,367,parker,parker,1.0
48369,"Parmer County, Texas",36.2,68164,127300,60.8,0.0,5.3,0.0,33.9,31.0,0.4,6.7,16.7,72.7,2.5,9.6,48,369,parmer,parmer,2.0
48371,"Pecos County, Texas",37.3,67689,142900,66.3,0.0,4.8,0.0,28.8,22.6,3.6,1.1,13.4,79.1,1.2,27.4,48,371,pecos,,0.0
48373,"Polk County, Texas",43.9,59066,154000,12.8,0.6,1.4,0.2,84.9,71.4,7.8,3.9,13.4,81.8,9.0,18.1,48,373,polk,polk,2.0
48375,"Potter County, Texas",35.1,50448,134900,34.2,0.3,3.9,0.4,61.2,42.9,10.2,1.9,17.3,77.4,4.0,20.9,48,375,potter,,0.0
48377,"Presidio County, Texas",42.0,29014,123100,75.4,0.0,1.1,0.0,23.5,19.4,0.0,2.5,20.2,66.1,11.1,36.3,48,377,presidio,presidio,7.0
48379,"Rains County, Texas",46.2,64874,214900,9.2,0.2,0.4,0.0,90.2,83.0,2.9,1.9,25.2,89.8,2.4,12.8,48,379,rains,,0.0
48381,"Randall County, Texas",36.8,80905,227500,20.1,0.2,3.3,0.1,76.3,67.9,3.2,2.3,32.1,93.6,2.9,9.5,48,381,randall,,0.0
48383,"Reagan County, Texas",29.4,70288,163700,63.9,0.0,2.3,1.0,32.9,23.7,4.9,2.7,17.0,89.0,8.3,11.1,48,383,reagan,,0.0
48385,"Real County, Texas",56.5,45417,-666666666,22.8,0.0,0.7,0.0,76.5,74.7,1.4,0.0,19.1,86.9,7.0,20.5,48,385,real,,0.0
48387,"Red River County, Texas",49.1,46912,133800,6.1,0.0,1.0,0.1,92.9,73.6,16.4,2.8,15.6,87.1,2.0,20.9,48,387,red river,,0.0
48389,"Reeves County, Texas",34.4,56056,113700,77.4,0.0,7.3,0.0,15.2,12.2,1.4,1.4,6.9,71.3,4.0,21.9,48,389,reeves,,0.0
48391,"Refugio County, Texas",43.9,58016,94400,48.1,0.0,2.1,0.0,49.9,41.3,6.1,1.1,13.8,82.6,5.7,17.3,48,391,refugio,refugio,2.0
48393,"Roberts County, Texas",39.4,66118,176800,9.3,1.0,0.3,0.0,89.4,86.5,0.3,3.3,22.0,97.5,0.5,6.4,48,393,roberts,,0.0
48395,"Robertson County, Texas",40.9,66250,172700,20.7,0.3,0.8,0.1,78.1,55.1,19.9,2.1,19.1,84.8,8.1,16.5,48,395,robertson,,0.0
48397,"Rockwall County, Texas",37.6,124917,386000,14.5,1.0,4.4,0.3,79.8,64.9,8.3,2.0,44.0,94.2,4.0,4.3,48,397,rockwall,rockwall,1.0
48399,"Runnels County, Texas",41.8,63490,103700,30.5,0.2,3.6,0.2,65.6,60.5,3.0,2.1,19.1,86.2,4.3,10.4,48,399,runnels,,0.0
48401,"Rusk County, Texas",38.8,67506,166900,15.1,0.7,2.9,0.1,81.3,61.9,13.2,3.7,17.9,84.9,3.8,14.3,48,401,rusk,,0.0
48403,"Sabine County, Texas",54.3,59924,131900,3.2,0.0,1.0,0.0,95.8,84.6,4.6,2.7,17.8,87.3,6.9,14.3,48,403,sabine,,0.0
48405,"San Augustine County, Texas",48.8,46338,83500,7.9,0.0,0.2,0.0,91.8,68.5,22.1,1.6,11.5,81.7,9.4,27.5,48,405,san augustine,,0.0
48407,"San Jacinto County, Texas",45.0,59526,183100,14.3,0.7,2.3,1.0,81.7,69.7,8.1,2.3,15.8,84.4,7.1,17.7,48,407,san jacinto,,0.0
48409,"San Patricio County, Texas",37.1,67512,180400,50.5,0.6,4.1,0.9,43.9,38.4,1.4,1.3,17.2,83.9,4.3,15.1,48,409,san patricio,,0.0
48411,"San Saba County, Texas",40.1,54855,161800,28.3,0.2,1.7,0.0,69.8,62.7,2.4,1.6,21.7,84.5,2.9,14.5,48,411,san saba,,0.0
48413,"Schleicher County, Texas",39.8,90141,113400,50.9,0.0,1.9,0.0,47.2,44.4,0.7,1.2,24.2,81.0,5.3,9.0,48,413,schleicher,,0.0
48415,"Scurry County, Texas",36.4,62689,110800,38.9,0.3,3.3,0.0,57.4,49.6,2.7,3.6,17.9,85.2,2.1,9.8,48,415,scurry,,0.0
48417,"Shackelford County, Texas",43.9,64659,176900,12.1,0.0,0.6,0.0,87.3,82.5,1.2,2.3,34.6,92.4,6.1,11.6,48,417,shackelford,shackelford,2.0
48419,"Shelby County, Texas",40.0,50436,111700,18.9,0.0,0.8,0.0,80.4,60.0,15.6,4.2,13.7,82.5,4.1,23.5,48,419,shelby,shelby,2.0
48421,"Sherman County, Texas",36.5,74167,125500,43.1,0.0,4.1,0.0,52.8,50.2,0.2,0.2,25.6,78.0,3.2,6.3,48,421,sherman,,0.0
48423,"Smith County, Texas",37.4,71923,220800,18.5,0.2,1.9,0.0,79.4,58.0,16.6,1.2,27.7,88.0,4.1,12.2,48,423,smith,,0.0
48425,"Somervell County, Texas",44.0,83382,253600,17.3,0.2,0.5,0.0,81.9,77.1,1.9,4.0,25.0,91.3,4.0,6.5,48,425,somervell,somervell,1.0
48427,"Starr County, Texas",29.1,38182,93300,92.4,0.0,4.8,0.0,2.7,2.2,0.2,0.3,13.3,60.1,10.8,33.5,48,427,starr,,0.0
48429,"Stephens County, Texas",41.6,54695,105700,23.2,0.0,1.6,0.0,75.1,68.8,3.1,2.8,18.2,83.3,5.9,13.5,48,429,stephens,,0.0
48431,"Sterling County, Texas",31.4,78750,143200,31.2,0.0,0.4,0.5,67.8,67.1,0.1,0.1,24.5,87.9,2.3,2.7,48,431,sterling,,0.0
48433,"Stonewall County, Texas",46.5,61250,54700,22.7,0.0,0.0,0.0,77.3,75.4,0.6,0.0,14.1,84.5,2.8,8.7,48,433,stonewall,,0.0
48435,"Sutton County, Texas",34.9,75000,140600,61.6,0.0,0.6,3.1,34.6,32.2,0.1,1.2,15.5,80.7,4.5,11.6,48,435,sutton,,0.0
48437,"Swisher County, Texas",36.5,39031,89200,40.8,0.0,4.2,0.7,54.2,41.0,7.8,1.6,20.1,80.3,4.3,29.5,48,437,swisher,,0.0
48439,"Tarrant County, Texas",35.1,81905,294100,24.0,1.3,4.2,0.4,70.1,43.2,17.2,1.8,34.5,87.1,4.7,10.9,48,439,tarrant,tarrant,11.0
48441,"Taylor County, Texas",33.0,66406,190300,21.2,0.5,2.8,0.2,75.2,61.8,7.7,1.7,29.0,90.6,2.3,13.5,48,441,taylor,taylor,2.0
48443,"Terrell County, Texas",60.9,46989,152200,35.5,0.0,7.3,0.0,57.2,57.2,0.0,3.5,32.3,94.0,0.0,8.2,48,443,terrell,terrell,6.0
48445,"Terry County, Texas",35.7,45905,111200,47.1,0.1,9.1,0.0,43.8,38.3,3.9,1.1,11.0,77.7,3.8,21.8,48,445,terry,,0.0
48447,"Throckmorton County, Texas",42.7,58864,84200,4.7,0.0,3.1,0.0,92.2,89.9,0.0,0.9,25.0,92.7,2.7,14.0,48,447,throckmorton,,0.0
48449,"Titus County, Texas",34.7,59220,157900,40.6,0.3,3.5,0.1,55.6,43.1,9.5,2.2,15.4,77.1,3.6,17.3,48,449,titus,titus,4.0
48451,"Tom Green County, Texas",35.8,66254,186700,36.0,0.7,3.3,0.1,59.9,51.9,3.4,1.6,25.1,87.2,3.1,11.7,48,451,tom green,tom green,15.0
48453,"Travis County, Texas",35.5,97169,487600,24.3,1.0,6.3,0.8,67.5,47.7,7.8,2.2,55.5,91.5,4.3,11.0,48,453,travis,travis,8.0
48455,"Trinity County, Texas",49.8,51663,110100,9.1,0.4,1.2,0.0,89.3,77.3,8.7,1.7,15.9,89.0,7.1,16.1,48,455,trinity,trinity,3.0
48457,"Tyler County, Texas",42.5,50647,138400,6.7,0.1,1.2,0.0,92.0,77.1,10.6,1.8,12.0,83.1,8.9,19.6,48,457,tyler,tyler,1.0
48459,"Upshur County, Texas",40.3,62794,171200,9.2,0.1,0.7,0.0,89.9,78.2,7.2,2.5,17.5,86.8,4.4,13.3,48,459,upshur,upshur,4.0
48461,"Upton County, Texas",41.1,52321,106300,53.0,3.1,0.1,0.0,43.8,41.6,0.9,1.0,8.8,81.5,3.8,17.1,48,461,upton,,0.0
48463,"Uvalde County, Texas",34.6,57849,144400,63.9,0.9,5.9,0.0,29.3,25.8,0.6,2.7,20.2,78.3,3.2,21.9,48,463,uvalde,uvalde,1.0
48465,"Val Verde County, Texas",32.3,59673,151500,73.9,0.4,6.5,0.2,19.0,15.7,1.2,0.9,21.3,75.1,4.8,18.3,48,465,val verde,val verde,7.0
48467,"Van Zandt County, Texas",42.1,68274,199500,12.1,0.2,0.5,0.0,87.2,81.4,2.7,1.8,18.2,87.3,4.0,11.5,48,467,van zandt,van zandt,1.0
48469,"Victoria County, Texas",36.6,70101,197600,42.5,0.5,4.5,0.0,52.4,43.0,5.5,1.3,19.7,85.1,4.3,16.0,48,469,victoria,victoria,1.0
48471,"Walker County, Texas",37.1,49862,207900,17.7,0.4,3.5,0.0,78.4,53.2,19.8,2.5,21.4,84.8,7.4,17.9,48,471,walker,,0.0
48473,"Waller County, Texas",30.8,76135,292000,27.3,0.3,4.5,0.9,67.0,38.8,23.4,2.9,26.6,83.9,6.2,13.5,48,473,waller,,0.0
48475,"Ward County, Texas",34.9,71719,138800,50.8,0.1,4.5,0.0,44.6,37.5,4.8,1.4,10.7,81.0,4.1,14.6,48,475,ward,,0.0
48477,"Washington County, Texas",40.9,75085,270100,16.5,0.1,1.5,0.1,81.9,61.7,15.1,3.1,31.0,90.4,2.6,12.6,48,477,washington,washington,1.0
48479,"Webb County, Texas",29.8,62506,178900,90.2,0.3,4.5,0.1,4.9,3.6,0.4,0.5,20.9,69.8,5.5,21.0,48,479,webb,webb,18.0
48481,"Wharton County, Texas",38.4,66100,182700,37.0,0.7,3.6,0.2,58.5,43.9,12.4,0.6,19.2,83.9,7.0,14.5,48,481,wharton,wharton,3.0
48483,"Wheeler County, Texas",40.6,67964,97600,20.8,0.0,2.8,1.4,75.0,69.0,1.7,4.0,19.5,87.6,3.4,14.2,48,483,wheeler,,0.0
48485,"Wichita County, Texas",35.0,62168,141600,17.9,0.6,1.6,0.2,79.7,63.3,10.0,2.2,24.8,88.0,3.5,15.9,48,485,wichita,wichita,1.0
48487,"Wilbarger County, Texas",39.5,51626,98800,25.8,0.3,3.7,0.1,70.1,55.4,6.1,4.7,17.4,81.3,9.8,18.8,48,487,wilbarger,wilbarger,1.0
48489,"Willacy County, Texas",33.7,45645,60800,83.8,0.3,3.1,0.0,12.8,10.5,1.4,0.6,12.2,67.7,7.3,24.6,48,489,willacy,,0.0
48491,"Williamson County, Texas",37.2,108309,414600,18.9,1.1,4.1,0.4,75.5,55.1,6.6,1.9,47.4,94.2,4.0,6.3,48,491,williamson,williamson,4.0
48493,"Wilson County, Texas",40.1,92461,286300,35.3,0.5,3.6,0.1,60.5,55.6,1.8,3.3,26.3,89.6,3.9,9.8,48,493,wilson,,0.0
48495,"Winkler County, Texas",35.3,91898,121200,56.5,0.6,3.4,1.4,38.2,32.5,3.6,2.5,10.0,73.8,1.9,12.0,48,495,winkler,,0.0
48497,"Wise County, Texas",40.0,89897,277200,18.0,0.9,1.5,0.1,79.4,73.8,1.4,2.0,20.6,86.6,5.0,9.1,48,497,wise,wise,6.0
48499,"Wood County, Texas",48.4,62524,195100,9.2,0.2,1.5,0.3,88.8,81.3,4.0,1.8,22.3,86.7,5.7,12.6,48,499,wood,,0.0
48501,"Yoakum County, Texas",33.0,82261,183000,62.8,0.0,2.4,0.0,34.8,31.5,0.1,3.8,14.2,75.7,3.4,12.0,48,501,yoakum,,0.0
48503,"Young County, Texas",40.7,63723,165300,16.0,2.0,2.1,0.2,79.8,75.6,1.4,1.1,23.6,89.4,2.9,16.7,48,503,young,,0.0
48505,"Zapata County, Texas",31.5,36527,88800,89.3,0.1,4.5,0.0,6.1,4.6,0.3,0.0,13.3,64.1,8.0,37.4,48,505,zapata,,0.0
48507,"Zavala County, Texas",32.5,41887,88100,90.7,0.0,2.0,0.0,7.4,6.1,0.8,0.8,9.6,73.4,7.4,36.3,48,507,zavala,,0.0
